<?xml version="1.0" encoding="utf-8"?>
<AxDataEntityView xmlns:i="http://www.w3.org/2001/XMLSchema-instance">
	<Name>TmpDataEntity</Name>
	<SourceCode>
		<Declaration><![CDATA[
public class TmpDataEntity extends common
{
}
]]></Declaration>
		<Methods />
	</SourceCode>
	<Label>Data Tmp</Label>
	<SubscriberAccessLevel>
		<Read>Allow</Read>
	</SubscriberAccessLevel>
	<DataManagementEnabled>Yes</DataManagementEnabled>
	<DataManagementStagingTable>TmpDataStaging</DataManagementStagingTable>
	<IsPublic>Yes</IsPublic>
	<PrimaryCompanyContext>DataAreaId</PrimaryCompanyContext>
	<PrimaryKey>EntityKey</PrimaryKey>
	<PublicCollectionName>Data</PublicCollectionName>
	<PublicEntityName>Data</PublicEntityName>
	<DeleteActions />
	<FieldGroups>
		<AxTableFieldGroup>
			<Name>AutoReport</Name>
			<Fields />
		</AxTableFieldGroup>
		<AxTableFieldGroup>
			<Name>AutoLookup</Name>
			<Fields />
		</AxTableFieldGroup>
		<AxTableFieldGroup>
			<Name>AutoIdentification</Name>
			<AutoPopulate>Yes</AutoPopulate>
			<Fields />
		</AxTableFieldGroup>
		<AxTableFieldGroup>
			<Name>AutoSummary</Name>
			<Fields />
		</AxTableFieldGroup>
		<AxTableFieldGroup>
			<Name>AutoBrowse</Name>
			<Fields />
		</AxTableFieldGroup>
	</FieldGroups>
	<Fields>
		<AxDataEntityViewField xmlns=""
			i:type="AxDataEntityViewMappedField">
			<Name>DataArea</Name>
			<DataField>DataAreaId</DataField>
			<DataSource>DataTmp</DataSource>
		</AxDataEntityViewField>
		<AxDataEntityViewField xmlns=""
			i:type="AxDataEntityViewMappedField">
			<Name>ParentId</Name>
			<DataField>ParentId</DataField>
			<DataSource>DataTmp</DataSource>
		</AxDataEntityViewField>
		<AxDataEntityViewField xmlns=""
			i:type="AxDataEntityViewMappedField">
			<Name>PrintJobSettings</Name>
			<DataField>PrintJobSettings</DataField>
			<DataSource>DataTmp</DataSource>
		</AxDataEntityViewField>
		<AxDataEntityViewField xmlns=""
			i:type="AxDataEntityViewMappedField">
			<Name>NodeType</Name>
			<DataField>NodeType</DataField>
			<DataSource>DataTmp</DataSource>
		</AxDataEntityViewField>
		<AxDataEntityViewField xmlns=""
			i:type="AxDataEntityViewMappedField">
			<Name>DocumentType</Name>
			<DataField>DocumentType</DataField>
			<DataSource>DataTmp</DataSource>
		</AxDataEntityViewField>
		<AxDataEntityViewField xmlns=""
			i:type="AxDataEntityViewUnmappedFieldString">
			<Name>DestinationEmailTo</Name>
			<IsComputedField>No</IsComputedField>
			<StringSize>-1</StringSize>
		</AxDataEntityViewField>
		<AxDataEntityViewField xmlns=""
			i:type="AxDataEntityViewUnmappedFieldString">
			<Name>DestinationEmailCc</Name>
			<IsComputedField>No</IsComputedField>
			<StringSize>-1</StringSize>
		</AxDataEntityViewField>
		<AxDataEntityViewField xmlns=""
			i:type="AxDataEntityViewMappedField">
			<Name>PrintSettingDescription</Name>
			<DataField>PrintSettingDescription</DataField>
			<DataSource>DataTmp</DataSource>
		</AxDataEntityViewField>
		<AxDataEntityViewField xmlns=""
			i:type="AxDataEntityViewMappedField">
			<Name>ReferencedTableId</Name>
			<DataField>ReferencedTableId</DataField>
			<DataSource>DataTmp</DataSource>
		</AxDataEntityViewField>
		<AxDataEntityViewField xmlns=""
			i:type="AxDataEntityViewMappedField">
			<Name>ReferencedRecId</Name>
			<DataField>ReferencedRecId</DataField>
			<DataSource>DataTmp</DataSource>
		</AxDataEntityViewField>
		<AxDataEntityViewField xmlns=""
			i:type="AxDataEntityViewMappedField">
			<Name>DocumentName</Name>
			<DataField>DocumentName</DataField>
			<DataSource>DataTmp</DataSource>
		</AxDataEntityViewField>
		<AxDataEntityViewField xmlns=""
			i:type="AxDataEntityViewMappedField">
			<Name>DocumentPriorityId</Name>
			<DataField>DocumentPriorityId</DataField>
			<DataSource>DataTmp</DataSource>
		</AxDataEntityViewField>
		<AxDataEntityViewField xmlns=""
			i:type="AxDataEntityViewMappedField">
			<Name>PrintSettingPriorityId</Name>
			<DataField>PrintSettingPriorityId</DataField>
			<DataSource>DataTmp</DataSource>
		</AxDataEntityViewField>
	</Fields>
	<Keys>
		<AxDataEntityViewKey>
			<Name>EntityKey</Name>
			<Fields>
				<AxDataEntityViewKeyField>
					<DataField>NodeType</DataField>
				</AxDataEntityViewKeyField>
				<AxDataEntityViewKeyField>
					<DataField>DocumentType</DataField>
				</AxDataEntityViewKeyField>
			</Fields>
		</AxDataEntityViewKey>
	</Keys>
	<Mappings />
	<Ranges />
	<Relations />
	<StateMachines />
	<ViewMetadata>
		<Name>Metadata</Name>
		<SourceCode>
			<Methods>
				<Method>
					<Name>classDeclaration</Name>
					<Source><![CDATA[
[Query]
public class Metadata extends QueryRun
{
}
]]></Source>
				</Method>
			</Methods>
		</SourceCode>
		<DataSources>
			<AxQuerySimpleRootDataSource>
				<Name>DataTmp</Name>
				<DynamicFields>Yes</DynamicFields>
				<Table>DataTmp</Table>
				<DataSources />
				<DerivedDataSources />
				<Fields />
				<Ranges />
				<GroupBy />
				<Having />
				<OrderBy />
			</AxQuerySimpleRootDataSource>
		</DataSources>
	</ViewMetadata>
</AxDataEntityView>