<?xml version="1.0" encoding="utf-8"?>
<AxTable xmlns:i="http://www.w3.org/2001/XMLSchema-instance">
	<Name>EmpDetails_Table</Name>
	<SourceCode>
		<Declaration><![CDATA[
public class EmpDetails_Table extends common
{
}
]]></Declaration>
		<Methods />
	</SourceCode>
	<SubscriberAccessLevel>
		<Read>Allow</Read>
	</SubscriberAccessLevel>
	<AllowRowVersionChangeTracking>Yes</AllowRowVersionChangeTracking>
	<PrimaryIndex>EmpIdx</PrimaryIndex>
	<DeleteActions />
	<FieldGroups>
		<AxTableFieldGroup>
			<Name>AutoReport</Name>
			<Fields />
		</AxTableFieldGroup>
		<AxTableFieldGroup>
			<Name>AutoLookup</Name>
			<Fields />
		</AxTableFieldGroup>
		<AxTableFieldGroup>
			<Name>AutoIdentification</Name>
			<AutoPopulate>Yes</AutoPopulate>
			<Fields />
		</AxTableFieldGroup>
		<AxTableFieldGroup>
			<Name>AutoSummary</Name>
			<Fields />
		</AxTableFieldGroup>
		<AxTableFieldGroup>
			<Name>AutoBrowse</Name>
			<Fields />
		</AxTableFieldGroup>
	</FieldGroups>
	<Fields>
		<AxTableField xmlns=""
			i:type="AxTableFieldString">
			<Name>EmpId</Name>
			<ExtendedDataType>EmpID</ExtendedDataType>
			<IgnoreEDTRelation>Yes</IgnoreEDTRelation>
		</AxTableField>
		<AxTableField xmlns=""
			i:type="AxTableFieldString">
			<Name>Name</Name>
			<ExtendedDataType>String50</ExtendedDataType>
			<IgnoreEDTRelation>Yes</IgnoreEDTRelation>
		</AxTableField>
		<AxTableField xmlns=""
			i:type="AxTableFieldString">
			<Name>Details</Name>
			<ExtendedDataType>Description</ExtendedDataType>
			<IgnoreEDTRelation>Yes</IgnoreEDTRelation>
		</AxTableField>
		<AxTableField xmlns=""
			i:type="AxTableFieldString">
			<Name>ItemId</Name>
			<ExtendedDataType>ItemId</ExtendedDataType>
			<IgnoreEDTRelation>Yes</IgnoreEDTRelation>
		</AxTableField>
		<AxTableField xmlns=""
			i:type="AxTableFieldString">
			<Name>ProductName</Name>
			<ExtendedDataType>EcoResProductName</ExtendedDataType>
			<IgnoreEDTRelation>Yes</IgnoreEDTRelation>
			<Label>Product Name</Label>
		</AxTableField>
		<AxTableField xmlns=""
			i:type="AxTableFieldEnum">
			<Name>EcoResProductType</Name>
			<Label>Product Type</Label>
			<EnumType>EcoResProductType</EnumType>
		</AxTableField>
		<AxTableField xmlns=""
			i:type="AxTableFieldEnum">
			<Name>EcoResProductServiceType</Name>
			<Label>Product Service Type</Label>
			<EnumType>EcoResProductServiceType</EnumType>
		</AxTableField>
	</Fields>
	<FullTextIndexes />
	<Indexes>
		<AxTableIndex>
			<Name>EmpIdx</Name>
			<AlternateKey>Yes</AlternateKey>
			<Fields>
				<AxTableIndexField>
					<DataField>EmpId</DataField>
				</AxTableIndexField>
			</Fields>
		</AxTableIndex>
	</Indexes>
	<Mappings />
	<Relations>
		<AxTableRelation>
			<Name>EmpItemId</Name>
			<Cardinality>ZeroOne</Cardinality>
			<RelatedTable>InventTable</RelatedTable>
			<RelatedTableCardinality>ZeroOne</RelatedTableCardinality>
			<RelationshipType>Association</RelationshipType>
			<Constraints>
				<AxTableRelationConstraint xmlns=""
					i:type="AxTableRelationConstraintField">
					<Name>ItemId</Name>
					<Field>ItemId</Field>
					<RelatedField>ItemId</RelatedField>
				</AxTableRelationConstraint>
			</Constraints>
		</AxTableRelation>
	</Relations>
	<StateMachines />
</AxTable>