<?xml version="1.0" encoding="utf-8"?>
<Diagnostics
  GenerationTime="2024-08-01T09:28:45.370057+00:00">
  <Items>
    <Diagnostic>
      <DiagnosticType>Metadata</DiagnosticType>
      <Severity>Error</Severity>
      <Path>AxDataEntityViewExtension/PurchPurchaseOrderHeaderV2Entity.UST/Relations/DimensionDimensionSet/RelatedDataEntity</Path>
      <Moniker>TableDoesNotExist</Moniker>
      <Message>Table 'DimensionSetEntity' does not exist.</Message>
    </Diagnostic>
    <Diagnostic>
      <DiagnosticType>Metadata</DiagnosticType>
      <Severity>Error</Severity>
      <Path>AxDataEntityViewExtension/PurchPurchaseOrderHeaderV2Entity.UST/ViewMetadata/DataSources/PurchTable/DataSources/AccountingDistributionTemplate/Table</Path>
      <Moniker>TableDoesNotExist</Moniker>
      <Message>Table 'AccountingDistributionTemplate' does not exist.</Message>
    </Diagnostic>
    <Diagnostic>
      <DiagnosticType>Metadata</DiagnosticType>
      <Severity>Error</Severity>
      <Path>AxDataEntityViewExtension/PurchPurchaseOrderHeaderV2Entity.UST/ViewMetadata/DataSources/PurchTable/DataSources/DimensionDAVS/Table</Path>
      <Moniker>TableDoesNotExist</Moniker>
      <Message>Table 'DimensionSetEntity' does not exist.</Message>
    </Diagnostic>
    <Diagnostic>
      <DiagnosticType>Metadata</DiagnosticType>
      <Severity>Error</Severity>
      <Path>AxDataEntityViewExtension/PurchPurchaseOrderHeaderV2Entity.UST/ViewMetadata/DataSources/PurchTable/DataSources/ReasonTableRef/Table</Path>
      <Moniker>TableDoesNotExist</Moniker>
      <Message>Table 'ReasonTableRef' does not exist.</Message>
    </Diagnostic>
    <Diagnostic>
      <DiagnosticType>Metadata</DiagnosticType>
      <Severity>Error</Severity>
      <Path>AxDataEntityViewExtension/PurchPurchaseOrderHeaderV2Entity.UST/ViewMetadata/DataSources/PurchTable/DataSources/DeliveryLogisticsPostalAddress/Table</Path>
      <Moniker>TableDoesNotExist</Moniker>
      <Message>Table 'LogisticsPostalAddressBaseEntity' does not exist.</Message>
    </Diagnostic>
    <Diagnostic>
      <DiagnosticType>Metadata</DiagnosticType>
      <Severity>Error</Severity>
      <Path>AxDataEntityViewExtension/PurchPurchaseOrderHeaderV2Entity.UST/ViewMetadata/DataSources/PurchTable/DataSources/PurchTable_W/DataSources/InvoiceLogisticsPostalAddress/Table</Path>
      <Moniker>TableDoesNotExist</Moniker>
      <Message>Table 'LogisticsPostalAddress' does not exist.</Message>
    </Diagnostic>
    <Diagnostic>
      <DiagnosticType>Metadata</DiagnosticType>
      <Severity>Error</Severity>
      <Path>AxDataEntityViewExtension/PurchPurchaseOrderHeaderV2Entity.UST/ViewMetadata/DataSources/PurchTable/DataSources/HcmWorker_Orderer/Table</Path>
      <Moniker>TableDoesNotExist</Moniker>
      <Message>Table 'HcmWorker' does not exist.</Message>
    </Diagnostic>
    <Diagnostic>
      <DiagnosticType>Metadata</DiagnosticType>
      <Severity>Error</Severity>
      <Path>AxDataEntityViewExtension/PurchPurchaseOrderHeaderV2Entity.UST/ViewMetadata/DataSources/PurchTable/DataSources/HcmWorker_Requester/Table</Path>
      <Moniker>TableDoesNotExist</Moniker>
      <Message>Table 'HcmWorker' does not exist.</Message>
    </Diagnostic>
    <Diagnostic>
      <DiagnosticType>Metadata</DiagnosticType>
      <Severity>Error</Severity>
      <Path>AxDataEntityViewExtension/PurchPurchaseOrderHeaderV2Entity.UST/ViewMetadata/DataSources/DeliveryLogisticsPostalAddress/DataField</Path>
      <Moniker>DataSourceDoesNotExistOrMissingReference</Moniker>
      <Message>Data source 'DeliveryLogisticsPostalAddress' does not exist or missing data source reference.</Message>
    </Diagnostic>
    <Diagnostic>
      <DiagnosticType>Metadata</DiagnosticType>
      <Severity>Error</Severity>
      <Path>AxDataEntityViewExtension/PurchPurchaseOrderHeaderV2Entity.UST/Fields/AccountingDistributionTemplateName/DataField</Path>
      <Moniker>DataSourceFieldDoesNotExist</Moniker>
      <Message>Field 'Name' does not exist on data source 'AccountingDistributionTemplate'.</Message>
    </Diagnostic>
    <Diagnostic>
      <DiagnosticType>Metadata</DiagnosticType>
      <Severity>Error</Severity>
      <Path>AxDataEntityViewExtension/PurchPurchaseOrderHeaderV2Entity.UST/Fields/DefaultLedgerDimensionDisplayValue/DataField</Path>
      <Moniker>DataSourceFieldDoesNotExist</Moniker>
      <Message>Field 'DisplayValue' does not exist on data source 'DimensionDAVS'.</Message>
    </Diagnostic>
    <Diagnostic>
      <DiagnosticType>Metadata</DiagnosticType>
      <Severity>Error</Severity>
      <Path>AxDataEntityViewExtension/PurchPurchaseOrderHeaderV2Entity.UST/Fields/ReasonCode/DataField</Path>
      <Moniker>DataSourceFieldDoesNotExist</Moniker>
      <Message>Field 'Reason' does not exist on data source 'ReasonTableRef'.</Message>
    </Diagnostic>
    <Diagnostic>
      <DiagnosticType>Metadata</DiagnosticType>
      <Severity>Error</Severity>
      <Path>AxDataEntityViewExtension/PurchPurchaseOrderHeaderV2Entity.UST/Fields/ReasonComment/DataField</Path>
      <Moniker>DataSourceFieldDoesNotExist</Moniker>
      <Message>Field 'ReasonComment' does not exist on data source 'ReasonTableRef'.</Message>
    </Diagnostic>
    <Diagnostic>
      <DiagnosticType>Metadata</DiagnosticType>
      <Severity>Error</Severity>
      <Path>AxDataEntityViewExtension/PurchPurchaseOrderHeaderV2Entity.UST/Fields/DeliveryPostalAddressRecId/DataField</Path>
      <Moniker>DataSourceFieldDoesNotExist</Moniker>
      <Message>Field 'AddressRecId' does not exist on data source 'DeliveryLogisticsPostalAddress'.</Message>
    </Diagnostic>
    <Diagnostic>
      <DiagnosticType>Metadata</DiagnosticType>
      <Severity>Error</Severity>
      <Path>AxDataEntityViewExtension/PurchPurchaseOrderHeaderV2Entity.UST/Fields/DeliveryAddressLocationId/DataField</Path>
      <Moniker>DataSourceFieldDoesNotExist</Moniker>
      <Message>Field 'LocationId' does not exist on data source 'DeliveryLogisticsPostalAddress'.</Message>
    </Diagnostic>
    <Diagnostic>
      <DiagnosticType>Metadata</DiagnosticType>
      <Severity>Error</Severity>
      <Path>AxDataEntityViewExtension/PurchPurchaseOrderHeaderV2Entity.UST/Fields/FormattedDeliveryAddress/DataField</Path>
      <Moniker>DataSourceFieldDoesNotExist</Moniker>
      <Message>Field 'Address' does not exist on data source 'DeliveryLogisticsPostalAddress'.</Message>
    </Diagnostic>
    <Diagnostic>
      <DiagnosticType>Metadata</DiagnosticType>
      <Severity>Error</Severity>
      <Path>AxDataEntityViewExtension/PurchPurchaseOrderHeaderV2Entity.UST/Fields/DeliveryBuildingCompliment/DataField</Path>
      <Moniker>DataSourceFieldDoesNotExist</Moniker>
      <Message>Field 'BuildingCompliment' does not exist on data source 'DeliveryLogisticsPostalAddress'.</Message>
    </Diagnostic>
    <Diagnostic>
      <DiagnosticType>Metadata</DiagnosticType>
      <Severity>Error</Severity>
      <Path>AxDataEntityViewExtension/PurchPurchaseOrderHeaderV2Entity.UST/Fields/DeliveryAddressCity/DataField</Path>
      <Moniker>DataSourceFieldDoesNotExist</Moniker>
      <Message>Field 'City' does not exist on data source 'DeliveryLogisticsPostalAddress'.</Message>
    </Diagnostic>
    <Diagnostic>
      <DiagnosticType>Metadata</DiagnosticType>
      <Severity>Error</Severity>
      <Path>AxDataEntityViewExtension/PurchPurchaseOrderHeaderV2Entity.UST/Fields/DeliveryCityInKana/DataField</Path>
      <Moniker>DataSourceFieldDoesNotExist</Moniker>
      <Message>Field 'CityInKana' does not exist on data source 'DeliveryLogisticsPostalAddress'.</Message>
    </Diagnostic>
    <Diagnostic>
      <DiagnosticType>Metadata</DiagnosticType>
      <Severity>Error</Severity>
      <Path>AxDataEntityViewExtension/PurchPurchaseOrderHeaderV2Entity.UST/Fields/DeliveryAddressCountryRegionId/DataField</Path>
      <Moniker>DataSourceFieldDoesNotExist</Moniker>
      <Message>Field 'CountryRegionId' does not exist on data source 'DeliveryLogisticsPostalAddress'.</Message>
    </Diagnostic>
    <Diagnostic>
      <DiagnosticType>Metadata</DiagnosticType>
      <Severity>Error</Severity>
      <Path>AxDataEntityViewExtension/PurchPurchaseOrderHeaderV2Entity.UST/Fields/DeliveryAddressCountryRegionISOCode/DataField</Path>
      <Moniker>DataSourceFieldDoesNotExist</Moniker>
      <Message>Field 'CountryRegionISOCode' does not exist on data source 'DeliveryLogisticsPostalAddress'.</Message>
    </Diagnostic>
    <Diagnostic>
      <DiagnosticType>Metadata</DiagnosticType>
      <Severity>Error</Severity>
      <Path>AxDataEntityViewExtension/PurchPurchaseOrderHeaderV2Entity.UST/Fields/DeliveryAddressCountyId/DataField</Path>
      <Moniker>DataSourceFieldDoesNotExist</Moniker>
      <Message>Field 'County' does not exist on data source 'DeliveryLogisticsPostalAddress'.</Message>
    </Diagnostic>
    <Diagnostic>
      <DiagnosticType>Metadata</DiagnosticType>
      <Severity>Error</Severity>
      <Path>AxDataEntityViewExtension/PurchPurchaseOrderHeaderV2Entity.UST/Fields/DeliveryAddressDescription/DataField</Path>
      <Moniker>DataSourceFieldDoesNotExist</Moniker>
      <Message>Field 'Description' does not exist on data source 'DeliveryLogisticsPostalAddress'.</Message>
    </Diagnostic>
    <Diagnostic>
      <DiagnosticType>Metadata</DiagnosticType>
      <Severity>Error</Severity>
      <Path>AxDataEntityViewExtension/PurchPurchaseOrderHeaderV2Entity.UST/Fields/DeliveryAddressDistrictName/DataField</Path>
      <Moniker>DataSourceFieldDoesNotExist</Moniker>
      <Message>Field 'DistrictName' does not exist on data source 'DeliveryLogisticsPostalAddress'.</Message>
    </Diagnostic>
    <Diagnostic>
      <DiagnosticType>Metadata</DiagnosticType>
      <Severity>Error</Severity>
      <Path>AxDataEntityViewExtension/PurchPurchaseOrderHeaderV2Entity.UST/Fields/DeliveryAddressDunsNumber/DataField</Path>
      <Moniker>DataSourceFieldDoesNotExist</Moniker>
      <Message>Field 'DunsNumber' does not exist on data source 'DeliveryLogisticsPostalAddress'.</Message>
    </Diagnostic>
    <Diagnostic>
      <DiagnosticType>Metadata</DiagnosticType>
      <Severity>Error</Severity>
      <Path>AxDataEntityViewExtension/PurchPurchaseOrderHeaderV2Entity.UST/Fields/DeliveryAddressLatitude/DataField</Path>
      <Moniker>DataSourceFieldDoesNotExist</Moniker>
      <Message>Field 'Latitude' does not exist on data source 'DeliveryLogisticsPostalAddress'.</Message>
    </Diagnostic>
    <Diagnostic>
      <DiagnosticType>Metadata</DiagnosticType>
      <Severity>Error</Severity>
      <Path>AxDataEntityViewExtension/PurchPurchaseOrderHeaderV2Entity.UST/Fields/IsDeliveryAddressPrivate/DataField</Path>
      <Moniker>DataSourceFieldDoesNotExist</Moniker>
      <Message>Field 'IsPrivate' does not exist on data source 'DeliveryLogisticsPostalAddress'.</Message>
    </Diagnostic>
    <Diagnostic>
      <DiagnosticType>Metadata</DiagnosticType>
      <Severity>Error</Severity>
      <Path>AxDataEntityViewExtension/PurchPurchaseOrderHeaderV2Entity.UST/Fields/DeliveryAddressLongitude/DataField</Path>
      <Moniker>DataSourceFieldDoesNotExist</Moniker>
      <Message>Field 'Longitude' does not exist on data source 'DeliveryLogisticsPostalAddress'.</Message>
    </Diagnostic>
    <Diagnostic>
      <DiagnosticType>Metadata</DiagnosticType>
      <Severity>Error</Severity>
      <Path>AxDataEntityViewExtension/PurchPurchaseOrderHeaderV2Entity.UST/Fields/DeliveryAddressPostBox/DataField</Path>
      <Moniker>DataSourceFieldDoesNotExist</Moniker>
      <Message>Field 'PostBox' does not exist on data source 'DeliveryLogisticsPostalAddress'.</Message>
    </Diagnostic>
    <Diagnostic>
      <DiagnosticType>Metadata</DiagnosticType>
      <Severity>Error</Severity>
      <Path>AxDataEntityViewExtension/PurchPurchaseOrderHeaderV2Entity.UST/Fields/DeliveryAddressStateId/DataField</Path>
      <Moniker>DataSourceFieldDoesNotExist</Moniker>
      <Message>Field 'State' does not exist on data source 'DeliveryLogisticsPostalAddress'.</Message>
    </Diagnostic>
    <Diagnostic>
      <DiagnosticType>Metadata</DiagnosticType>
      <Severity>Error</Severity>
      <Path>AxDataEntityViewExtension/PurchPurchaseOrderHeaderV2Entity.UST/Fields/DeliveryAddressStreet/DataField</Path>
      <Moniker>DataSourceFieldDoesNotExist</Moniker>
      <Message>Field 'Street' does not exist on data source 'DeliveryLogisticsPostalAddress'.</Message>
    </Diagnostic>
    <Diagnostic>
      <DiagnosticType>Metadata</DiagnosticType>
      <Severity>Error</Severity>
      <Path>AxDataEntityViewExtension/PurchPurchaseOrderHeaderV2Entity.UST/Fields/DeliveryStreetInKana/DataField</Path>
      <Moniker>DataSourceFieldDoesNotExist</Moniker>
      <Message>Field 'StreetInKana' does not exist on data source 'DeliveryLogisticsPostalAddress'.</Message>
    </Diagnostic>
    <Diagnostic>
      <DiagnosticType>Metadata</DiagnosticType>
      <Severity>Error</Severity>
      <Path>AxDataEntityViewExtension/PurchPurchaseOrderHeaderV2Entity.UST/Fields/DeliveryAddressStreetNumber/DataField</Path>
      <Moniker>DataSourceFieldDoesNotExist</Moniker>
      <Message>Field 'StreetNumber' does not exist on data source 'DeliveryLogisticsPostalAddress'.</Message>
    </Diagnostic>
    <Diagnostic>
      <DiagnosticType>Metadata</DiagnosticType>
      <Severity>Error</Severity>
      <Path>AxDataEntityViewExtension/PurchPurchaseOrderHeaderV2Entity.UST/Fields/DeliveryValidFrom/DataField</Path>
      <Moniker>DataSourceFieldDoesNotExist</Moniker>
      <Message>Field 'ValidFrom' does not exist on data source 'DeliveryLogisticsPostalAddress'.</Message>
    </Diagnostic>
    <Diagnostic>
      <DiagnosticType>Metadata</DiagnosticType>
      <Severity>Error</Severity>
      <Path>AxDataEntityViewExtension/PurchPurchaseOrderHeaderV2Entity.UST/Fields/DeliveryValidTo/DataField</Path>
      <Moniker>DataSourceFieldDoesNotExist</Moniker>
      <Message>Field 'ValidTo' does not exist on data source 'DeliveryLogisticsPostalAddress'.</Message>
    </Diagnostic>
    <Diagnostic>
      <DiagnosticType>Metadata</DiagnosticType>
      <Severity>Error</Severity>
      <Path>AxDataEntityViewExtension/PurchPurchaseOrderHeaderV2Entity.UST/Fields/DeliveryAddressTimeZone/DataField</Path>
      <Moniker>DataSourceFieldDoesNotExist</Moniker>
      <Message>Field 'TimeZone' does not exist on data source 'DeliveryLogisticsPostalAddress'.</Message>
    </Diagnostic>
    <Diagnostic>
      <DiagnosticType>Metadata</DiagnosticType>
      <Severity>Error</Severity>
      <Path>AxDataEntityViewExtension/PurchPurchaseOrderHeaderV2Entity.UST/Fields/DeliveryAddressZipCode/DataField</Path>
      <Moniker>DataSourceFieldDoesNotExist</Moniker>
      <Message>Field 'ZipCode' does not exist on data source 'DeliveryLogisticsPostalAddress'.</Message>
    </Diagnostic>
    <Diagnostic>
      <DiagnosticType>Metadata</DiagnosticType>
      <Severity>Error</Severity>
      <Path>AxDataEntityViewExtension/PurchPurchaseOrderHeaderV2Entity.UST/Fields/OrdererPersonnelNumber/DataField</Path>
      <Moniker>DataSourceFieldDoesNotExist</Moniker>
      <Message>Field 'PersonnelNumber' does not exist on data source 'HcmWorker_Orderer'.</Message>
    </Diagnostic>
    <Diagnostic>
      <DiagnosticType>Metadata</DiagnosticType>
      <Severity>Error</Severity>
      <Path>AxDataEntityViewExtension/PurchPurchaseOrderHeaderV2Entity.UST/Fields/RequesterPersonnelNumber/DataField</Path>
      <Moniker>DataSourceFieldDoesNotExist</Moniker>
      <Message>Field 'PersonnelNumber' does not exist on data source 'HcmWorker_Requester'.</Message>
    </Diagnostic>
    <Diagnostic>
      <DiagnosticType>Metadata</DiagnosticType>
      <Severity>Error</Severity>
      <Path>AxDataEntityViewExtension/PurchPurchaseOrderHeaderV2Entity.UST/Fields/InvoiceAddressCountryRegionId/DataField</Path>
      <Moniker>DataSourceFieldDoesNotExist</Moniker>
      <Message>Field 'CountryRegionId' does not exist on data source 'InvoiceLogisticsPostalAddress'.</Message>
    </Diagnostic>
    <Diagnostic>
      <DiagnosticType>Metadata</DiagnosticType>
      <Severity>Error</Severity>
      <Path>AxDataEntityViewExtension/PurchPurchaseOrderHeaderV2Entity.UST/Fields/InvoiceAddressZipCode/DataField</Path>
      <Moniker>DataSourceFieldDoesNotExist</Moniker>
      <Message>Field 'ZipCode' does not exist on data source 'InvoiceLogisticsPostalAddress'.</Message>
    </Diagnostic>
    <Diagnostic>
      <DiagnosticType>Metadata</DiagnosticType>
      <Severity>Error</Severity>
      <Path>AxDataEntityViewExtension/PurchPurchaseOrderHeaderV2Entity.UST/Fields/InvoiceAddressStreet/DataField</Path>
      <Moniker>DataSourceFieldDoesNotExist</Moniker>
      <Message>Field 'Street' does not exist on data source 'InvoiceLogisticsPostalAddress'.</Message>
    </Diagnostic>
    <Diagnostic>
      <DiagnosticType>Metadata</DiagnosticType>
      <Severity>Error</Severity>
      <Path>AxDataEntityViewExtension/PurchPurchaseOrderHeaderV2Entity.UST/Fields/InvoiceAddressCity/DataField</Path>
      <Moniker>DataSourceFieldDoesNotExist</Moniker>
      <Message>Field 'City' does not exist on data source 'InvoiceLogisticsPostalAddress'.</Message>
    </Diagnostic>
    <Diagnostic>
      <DiagnosticType>Metadata</DiagnosticType>
      <Severity>Error</Severity>
      <Path>AxDataEntityViewExtension/PurchPurchaseOrderHeaderV2Entity.UST/Fields/InvoiceAddressState/DataField</Path>
      <Moniker>DataSourceFieldDoesNotExist</Moniker>
      <Message>Field 'State' does not exist on data source 'InvoiceLogisticsPostalAddress'.</Message>
    </Diagnostic>
    <Diagnostic>
      <DiagnosticType>Metadata</DiagnosticType>
      <Severity>Error</Severity>
      <Path>AxDataEntityViewExtension/PurchPurchaseOrderHeaderV2Entity.UST/Fields/InvoiceAddressCounty/DataField</Path>
      <Moniker>DataSourceFieldDoesNotExist</Moniker>
      <Message>Field 'County' does not exist on data source 'InvoiceLogisticsPostalAddress'.</Message>
    </Diagnostic>
    <Diagnostic>
      <DiagnosticType>Metadata</DiagnosticType>
      <Severity>Error</Severity>
      <Path>AxDataEntityViewExtension/PurchPurchaseOrderHeaderV2Entity.UST/Fields/FormattedInvoiceAddress/DataField</Path>
      <Moniker>DataSourceFieldDoesNotExist</Moniker>
      <Message>Field 'Address' does not exist on data source 'InvoiceLogisticsPostalAddress'.</Message>
    </Diagnostic>
    <Diagnostic>
      <DiagnosticType>Metadata</DiagnosticType>
      <Severity>Error</Severity>
      <Path>AxDataEntityViewExtension/PurchPurchaseOrderHeaderV2Entity.UST/Fields/InvoiceAddressStreetNumber/DataField</Path>
      <Moniker>DataSourceFieldDoesNotExist</Moniker>
      <Message>Field 'StreetNumber' does not exist on data source 'InvoiceLogisticsPostalAddress'.</Message>
    </Diagnostic>
    <Diagnostic>
      <DiagnosticType>Metadata</DiagnosticType>
      <Severity>Error</Severity>
      <Path>AxDataEntityView/PurchPurchaseOrderHeaderV2Entity/Metadata/PurchTable/DataSources/AccountingDistributionTemplate/Relations/QueryDataSourceRelation1/TableField</Path>
      <Moniker>MissingTableField</Moniker>
      <Message>Failed to locate table field for AccountingDistributionTemplate.RecId.</Message>
    </Diagnostic>
    <Diagnostic>
      <DiagnosticType>Metadata</DiagnosticType>
      <Severity>Error</Severity>
      <Path>AxDataEntityView/PurchPurchaseOrderHeaderV2Entity/Metadata/PurchTable/DataSources/AccountingDistributionTemplate</Path>
      <Moniker>CouldNotFindTableOrViewOrDataEntity</Moniker>
      <Message>The table/view/data entity 'AccountingDistributionTemplate' could not be found.</Message>
    </Diagnostic>
    <Diagnostic>
      <DiagnosticType>Metadata</DiagnosticType>
      <Severity>Error</Severity>
      <Path>AxDataEntityView/PurchPurchaseOrderHeaderV2Entity/Metadata/PurchTable/DataSources/DimensionDAVS/Relations/DimensionDAVS/TableField</Path>
      <Moniker>MissingTableField</Moniker>
      <Message>Failed to locate table field for DimensionSetEntity.RecId.</Message>
    </Diagnostic>
    <Diagnostic>
      <DiagnosticType>Metadata</DiagnosticType>
      <Severity>Error</Severity>
      <Path>AxDataEntityView/PurchPurchaseOrderHeaderV2Entity/Metadata/PurchTable/DataSources/DimensionDAVS</Path>
      <Moniker>CouldNotFindTableOrViewOrDataEntity</Moniker>
      <Message>The table/view/data entity 'DimensionDAVS' could not be found.</Message>
    </Diagnostic>
    <Diagnostic>
      <DiagnosticType>Metadata</DiagnosticType>
      <Severity>Error</Severity>
      <Path>AxDataEntityView/PurchPurchaseOrderHeaderV2Entity/Metadata/PurchTable/DataSources/ReasonTableRef/Relations/QueryDataSourceRelation1/RelationHolderEntity</Path>
      <Moniker>CouldNotFindTableOrViewOrDataEntity</Moniker>
      <Message>The table/view/data entity 'ReasonTableRef' could not be found.</Message>
    </Diagnostic>
    <Diagnostic>
      <DiagnosticType>Metadata</DiagnosticType>
      <Severity>Error</Severity>
      <Path>AxDataEntityView/PurchPurchaseOrderHeaderV2Entity/Metadata/PurchTable/DataSources/ReasonTableRef</Path>
      <Moniker>CouldNotFindTableOrViewOrDataEntity</Moniker>
      <Message>The table/view/data entity 'ReasonTableRef' could not be found.</Message>
    </Diagnostic>
    <Diagnostic>
      <DiagnosticType>Metadata</DiagnosticType>
      <Severity>Error</Severity>
      <Path>AxDataEntityView/PurchPurchaseOrderHeaderV2Entity/Metadata/PurchTable/DataSources/DeliveryLogisticsPostalAddress/Relations/QueryDataSourceRelation1/TableField</Path>
      <Moniker>MissingTableField</Moniker>
      <Message>Failed to locate table field for LogisticsPostalAddressBaseEntity.AddressRecId.</Message>
    </Diagnostic>
    <Diagnostic>
      <DiagnosticType>Metadata</DiagnosticType>
      <Severity>Error</Severity>
      <Path>AxDataEntityView/PurchPurchaseOrderHeaderV2Entity/Metadata/PurchTable/DataSources/DeliveryLogisticsPostalAddress</Path>
      <Moniker>CouldNotFindTableOrViewOrDataEntity</Moniker>
      <Message>The table/view/data entity 'DeliveryLogisticsPostalAddress' could not be found.</Message>
    </Diagnostic>
    <Diagnostic>
      <DiagnosticType>Metadata</DiagnosticType>
      <Severity>Error</Severity>
      <Path>AxDataEntityView/PurchPurchaseOrderHeaderV2Entity/Metadata/PurchTable/DataSources/PurchTable_W/DataSources/InvoiceLogisticsPostalAddress/Relations/QueryDataSourceRelation1/RelationHolderEntity</Path>
      <Moniker>CouldNotFindTableOrViewOrDataEntity</Moniker>
      <Message>The table/view/data entity 'LogisticsPostalAddress' could not be found.</Message>
    </Diagnostic>
    <Diagnostic>
      <DiagnosticType>Metadata</DiagnosticType>
      <Severity>Error</Severity>
      <Path>AxDataEntityView/PurchPurchaseOrderHeaderV2Entity/Metadata/PurchTable/DataSources/PurchTable_W/DataSources/InvoiceLogisticsPostalAddress</Path>
      <Moniker>CouldNotFindTableOrViewOrDataEntity</Moniker>
      <Message>The table/view/data entity 'InvoiceLogisticsPostalAddress' could not be found.</Message>
    </Diagnostic>
    <Diagnostic>
      <DiagnosticType>Metadata</DiagnosticType>
      <Severity>Error</Severity>
      <Path>AxDataEntityView/PurchPurchaseOrderHeaderV2Entity/Metadata/PurchTable/DataSources/HcmWorker_Orderer/Relations/QueryDataSourceRelation1/TableField</Path>
      <Moniker>MissingTableField</Moniker>
      <Message>Failed to locate table field for HcmWorker.RecId.</Message>
    </Diagnostic>
    <Diagnostic>
      <DiagnosticType>Metadata</DiagnosticType>
      <Severity>Error</Severity>
      <Path>AxDataEntityView/PurchPurchaseOrderHeaderV2Entity/Metadata/PurchTable/DataSources/HcmWorker_Orderer</Path>
      <Moniker>CouldNotFindTableOrViewOrDataEntity</Moniker>
      <Message>The table/view/data entity 'HcmWorker_Orderer' could not be found.</Message>
    </Diagnostic>
    <Diagnostic>
      <DiagnosticType>Metadata</DiagnosticType>
      <Severity>Error</Severity>
      <Path>AxDataEntityView/PurchPurchaseOrderHeaderV2Entity/Metadata/PurchTable/DataSources/HcmWorker_Requester/Relations/QueryDataSourceRelation1/TableField</Path>
      <Moniker>MissingTableField</Moniker>
      <Message>Failed to locate table field for HcmWorker.RecId.</Message>
    </Diagnostic>
    <Diagnostic>
      <DiagnosticType>Metadata</DiagnosticType>
      <Severity>Error</Severity>
      <Path>AxDataEntityView/PurchPurchaseOrderHeaderV2Entity/Metadata/PurchTable/DataSources/HcmWorker_Requester</Path>
      <Moniker>CouldNotFindTableOrViewOrDataEntity</Moniker>
      <Message>The table/view/data entity 'HcmWorker_Requester' could not be found.</Message>
    </Diagnostic>
  </Items>
  <Aliases />
</Diagnostics>