<?xml version="1.0" encoding="utf-8"?>
<AxForm xmlns:i="http://www.w3.org/2001/XMLSchema-instance" xmlns="Microsoft.Dynamics.AX.Metadata.V6">
	<Name>DialogueForm</Name>
	<SourceCode>
		<Methods xmlns="">
			<Method>
				<Name>classDeclaration</Name>
				<Source><![CDATA[
[Form]
public class DialogueForm extends FormRun
{
}
]]></Source>
			</Method>
			<Method>
				<Name>closeOk</Name>
				<Source><![CDATA[
    /// <summary>
    ///
    /// </summary>
    public void closeOk()
    {
       
        Args args;
        FormRun formRun;
   
        super();
        //EmpDetails_Table empDetails;
 
        // Initialize the args object with the form name
        args = new Args(formStr(EmpDetailsform));
 
        formRun = new FormRun(args);
        // Create a new FormRun object
        formRun = classFactory.formRunClass(args);
        formRun.init();
        formRun.run();
        formRun.wait();
    }

]]></Source>
			</Method>
		</Methods>
		<DataSources xmlns="">
			<DataSource>
				<Name>EmpDetails_Table</Name>
				<Methods>
					<Method>
						<Name>write</Name>
						<Source><![CDATA[
        /// <summary>
        ///
        /// </summary>
        public void write()
        {
            InventTable inventTable;
            EcoResProduct ecoResProduct;
            EcoResProductTranslation ecoResProductTranslation;

            EmpID empId;

            while select inventTable
        where inventTable.ItemId == EmpDetails_Table.ItemId
        join ecoResProduct
            where ecoResProduct.RecId == inventTable.Product
        join ecoResProductTranslation
            where ecoResProductTranslation.Product == ecoResProduct.RecId
            {
                // Output the results
                //info(strFmt("ItemId: %1", inventTable.ItemId));
               
               // info(strFmt("Product: %1", inventTable.Product));
                //info(strFmt("Product Name: %1", ecoResProductTranslation.Name));
                // Add more fields as needed

                EmpDetails_Table.ProductName=ecoResProductTranslation.Name;
                EmpDetails_Table.EcoResProductServiceType=ecoResProduct.ServiceType;
                EmpDetails_Table.EcoResProductType=ecoResProduct.ProductType;

            }

             if(EmpDetails_Table.EmpId!=null)
               {
                    super();
               }           
               
       }

]]></Source>
					</Method>
				</Methods>
				<Fields />
			</DataSource>
		</DataSources>
		<DataControls xmlns="">
			<Control>
				<Name>EmpDetails_Table_Name</Name>
				<Type>String</Type>
				<Methods>
					<Method>
						<Name>modified</Name>
						<Source><![CDATA[
        /// <summary>
        ///
        /// </summary>
        /// <returns></returns>
        public boolean modified()
        {
            boolean ret;
            EmpID empId;
            ret = super();          
            if(EmpDetails_Table.Details !=null)
             {
                  if(EmpDetails_Table.EmpId==null)
                   {
                        NumberSequenceReference numberSequenceReference;
                        ttsbegin;
                        numberSequenceReference = NumberSeqReference::findReference(extendedTypeNum(EmpId));
                        if(numberSequenceReference)
                        {
                            empId=NumberSeq::newGetNum(numberSequenceReference).num();
                 
                        }
                        EmpDetails_Table.EmpId=empId;
                        ttscommit;
                        
                    }
                }
                else
                {
                    
                }          
            //ret = super();
            
            return ret;
        }

]]></Source>
					</Method>
				</Methods>
			</Control>
			<Control>
				<Name>EmpDetails_Table_Details</Name>
				<Type>String</Type>
				<Methods>
					<Method>
						<Name>modified</Name>
						<Source><![CDATA[
        /// <summary>
        ///
        /// </summary>
        /// <returns></returns>
        public boolean modified()
        {
            boolean ret;

            EmpID empId;
            ret = super();
            if(EmpDetails_Table.Name !=null)
            {
                    if(EmpDetails_Table.EmpId==null)
                    {
                        NumberSequenceReference numberSequenceReference;
                        ttsbegin;
                        numberSequenceReference = NumberSeqReference::findReference(extendedTypeNum(EmpId));
                        if(numberSequenceReference)
                        {
                            empId=NumberSeq::newGetNum(numberSequenceReference).num();
                 
                        }
                        EmpDetails_Table.EmpId=empId;
                        ttscommit;
                        
                   }              
            }
            else
            {
                error("Please enter name");
            }
            return ret;
        }

]]></Source>
					</Method>
				</Methods>
			</Control>
			<Control>
				<Name>FormCommandButtonControl1</Name>
				<Type>CommandButton</Type>
				<Methods>
					<Method>
						<Name>clicked</Name>
						<Source><![CDATA[
        /// <summary>
        ///
        /// </summary>
        public void clicked()
        {
            super();
            EmpDetails_Table_ds.create(true);

            EmpDetails_Table_ds.reread() ;

            EmpDetails_Table_ds.refresh() ;

            EmpDetails_Table_ds.executeQuery();

            EmpDetails_Table_ds.research(true);
            

        }

]]></Source>
					</Method>
				</Methods>
			</Control>
		</DataControls>
		<Members xmlns="" />
	</SourceCode>
	<DataSources>
		<AxFormDataSource xmlns="">
			<Name>EmpDetails_Table</Name>
			<Table>EmpDetails_Table</Table>
			<Fields>
				<AxFormDataSourceField>
					<DataField>DataAreaId</DataField>
				</AxFormDataSourceField>
				<AxFormDataSourceField>
					<DataField>Details</DataField>
				</AxFormDataSourceField>
				<AxFormDataSourceField>
					<DataField>EmpId</DataField>
				</AxFormDataSourceField>
				<AxFormDataSourceField>
					<DataField>ItemId</DataField>
				</AxFormDataSourceField>
				<AxFormDataSourceField>
					<DataField>Name</DataField>
				</AxFormDataSourceField>
				<AxFormDataSourceField>
					<DataField>Partition</DataField>
				</AxFormDataSourceField>
				<AxFormDataSourceField>
					<DataField>ProductName</DataField>
				</AxFormDataSourceField>
				<AxFormDataSourceField>
					<DataField>RecId</DataField>
				</AxFormDataSourceField>
				<AxFormDataSourceField>
					<DataField>TableId</DataField>
				</AxFormDataSourceField>
			</Fields>
			<ReferencedDataSources />
			<DataSourceLinks />
			<DerivedDataSources />
		</AxFormDataSource>
	</DataSources>
	<Design>
		<Pattern xmlns="">Dialog</Pattern>
		<PatternVersion xmlns="">1.2</PatternVersion>
		<Style xmlns="">Dialog</Style>
		<Controls xmlns="">
			<AxFormControl xmlns=""
				i:type="AxFormGroupControl">
				<Name>FormGroupControl1</Name>
				<HeightMode>SizeToAvailable</HeightMode>
				<Pattern>Custom</Pattern>
				<Type>Group</Type>
				<WidthMode>SizeToAvailable</WidthMode>
				<FormControlExtension
					i:nil="true" />
				<Controls>
					<AxFormControl xmlns=""
						i:type="AxFormStringControl">
						<Name>EmpDetails_Table_Name</Name>
						<Type>String</Type>
						<FormControlExtension
							i:nil="true" />
						<DataField>Name</DataField>
						<DataSource>EmpDetails_Table</DataSource>
						<Label>Name</Label>
					</AxFormControl>
					<AxFormControl xmlns=""
						i:type="AxFormStringControl">
						<Name>EmpDetails_Table_Details</Name>
						<Type>String</Type>
						<FormControlExtension
							i:nil="true" />
						<DataField>Details</DataField>
						<DataSource>EmpDetails_Table</DataSource>
					</AxFormControl>
					<AxFormControl xmlns=""
						i:type="AxFormStringControl">
						<Name>EmpDetails_Table_ItemId</Name>
						<Type>String</Type>
						<FormControlExtension
							i:nil="true" />
						<DataField>ItemId</DataField>
						<DataSource>EmpDetails_Table</DataSource>
					</AxFormControl>
					<AxFormControl xmlns=""
						i:type="AxFormStringControl">
						<Name>EmpDetails_Table_EmpId</Name>
						<AllowEdit>No</AllowEdit>
						<Type>String</Type>
						<FormControlExtension
							i:nil="true" />
						<DataField>EmpId</DataField>
						<DataSource>EmpDetails_Table</DataSource>
					</AxFormControl>
				</Controls>
				<Style>DialogContent</Style>
			</AxFormControl>
			<AxFormControl xmlns=""
				i:type="AxFormButtonGroupControl">
				<Name>FormButtonGroupControl1</Name>
				<Type>ButtonGroup</Type>
				<WidthMode>SizeToAvailable</WidthMode>
				<FormControlExtension
					i:nil="true" />
				<Controls>
					<AxFormControl xmlns=""
						i:type="AxFormCommandButtonControl">
						<Name>FormCommandButtonControl1</Name>
						<Type>CommandButton</Type>
						<FormControlExtension
							i:nil="true" />
						<Command>OK</Command>
					</AxFormControl>
					<AxFormControl xmlns=""
						i:type="AxFormCommandButtonControl">
						<Name>FormCommandButtonControl2</Name>
						<Type>CommandButton</Type>
						<FormControlExtension
							i:nil="true" />
						<Command>Cancel</Command>
						<SaveRecord>No</SaveRecord>
					</AxFormControl>
				</Controls>
				<ArrangeMethod>HorizontalRight</ArrangeMethod>
				<Style>DialogCommitContainer</Style>
			</AxFormControl>
		</Controls>
	</Design>
	<Parts />
</AxForm>