<?xml version="1.0" encoding="utf-8"?>
<Diagnostics
  GenerationTime="2024-06-07T06:33:51.6737815+00:00">
  <Items>
    <Diagnostic>
      <DiagnosticType>Compile</DiagnosticType>
      <Severity>Error</Severity>
      <Path>dynamics://Class/ChangeStatusClass/Method/getItemDetailsFromMultipleSources</Path>
      <ElementType>Class Method</ElementType>
      <Moniker>NoSuchFunction</Moniker>
      <Line>41</Line>
      <Column>13</Column>
      <EndLine>41</EndLine>
      <EndColumn>85</EndColumn>
      <Message>The name 'createOrUpdateQuarantineWork' does not denote a predefined function,  a static method on the Global class nor a previously defined local function.</Message>
    </Diagnostic>
  </Items>
  <Aliases />
</Diagnostics>