<?xml version="1.0" encoding="utf-8"?>
<Diagnostics
  GenerationTime="2024-05-31T11:21:58.0197902+00:00">
  <Items>
    <Diagnostic>
      <DiagnosticType>Compile</DiagnosticType>
      <Severity>Error</Severity>
      <Path>dynamics://Form/DialogueForm/FormDataSourceRoot/EmpDetails_Table/Method/write</Path>
      <ElementType>Form DataSource Method</ElementType>
      <Moniker>ImplicitConversionNotAllowed</Moniker>
      <Line>55</Line>
      <Column>17</Column>
      <EndLine>55</EndLine>
      <EndColumn>66</EndColumn>
      <Message>Cannot implicitly convert from type 'int64' to type 'str'.</Message>
    </Diagnostic>
  </Items>
  <Aliases />
</Diagnostics>