<?xml version="1.0" encoding="utf-8"?>
<AxTableExtension xmlns:i="http://www.w3.org/2001/XMLSchema-instance">
	<Name>PurchPurchaseOrderHeaderV2Staging.UST</Name>
	<FieldGroupExtensions />
	<FieldGroups />
	<FieldModifications />
	<Fields>
		<AxTableField xmlns=""
			i:type="AxTableFieldGuid">
			<Name>DocumentId</Name>
			<ExtendedDataType>DocuDocumentId</ExtendedDataType>
			<IsManuallyUpdated>Yes</IsManuallyUpdated>
			<IsSystemGenerated>Yes</IsSystemGenerated>
		</AxTableField>
		<AxTableField xmlns=""
			i:type="AxTableFieldString">
			<Name>AttachmentDescription</Name>
			<ExtendedDataType>Description</ExtendedDataType>
			<IsSystemGenerated>Yes</IsSystemGenerated>
		</AxTableField>
		<AxTableField xmlns=""
			i:type="AxTableFieldString">
			<Name>DocumentAttachmentTypeCode</Name>
			<ExtendedDataType>DocuTypeId</ExtendedDataType>
			<IsManuallyUpdated>Yes</IsManuallyUpdated>
			<IsSystemGenerated>Yes</IsSystemGenerated>
		</AxTableField>
		<AxTableField xmlns=""
			i:type="AxTableFieldContainer">
			<Name>Attachment</Name>
			<ExtendedDataType>BitMap</ExtendedDataType>
			<Label>@SYS68860</Label>
		</AxTableField>
		<AxTableField xmlns=""
			i:type="AxTableFieldString">
			<Name>AttachmentFileName</Name>
			<ExtendedDataType>FileName</ExtendedDataType>
			<IsSystemGenerated>Yes</IsSystemGenerated>
			<Label>@SYS68860</Label>
			<StringSize>259</StringSize>
		</AxTableField>
		<AxTableField xmlns=""
			i:type="AxTableFieldString">
			<Name>FileName</Name>
			<ExtendedDataType>Filename</ExtendedDataType>
		</AxTableField>
		<AxTableField xmlns=""
			i:type="AxTableFieldString">
			<Name>FileType</Name>
			<ExtendedDataType>FilenameType</ExtendedDataType>
		</AxTableField>
		<AxTableField xmlns=""
			i:type="AxTableFieldString">
			<Name>TypeId</Name>
			<AllowEdit>No</AllowEdit>
			<AssetClassification>Customer Content</AssetClassification>
			<ExtendedDataType>DocuTypeId</ExtendedDataType>
			<Mandatory>Yes</Mandatory>
		</AxTableField>
	</Fields>
	<FullTextIndexes />
	<Indexes />
	<Mappings />
	<PropertyModifications />
	<RelationExtensions />
	<RelationModifications />
	<Relations />
</AxTableExtension>