<?xml version="1.0" encoding="utf-8"?>
<ServiceModelInstallationInfo xmlns:xsd="http://www.w3.org/2001/XMLSchema" xmlns:xsi="http://www.w3.org/2001/XMLSchema-instance">
  <Name>AOSService</Name>
  <Description />
  <InstallationDateTime>2023-02-21T12:08:42.9443633-08:00</InstallationDateTime>
  <InstallationInfoFilePath>D:\dbs\sh\l23t\0221_095201\cmd\l\Drop\retail\Services\AOSService\Scripts\InstallationInfo.xml</InstallationInfoFilePath>
  <Version>7.0.6801.37</Version>
  <Publisher>Microsoft Corporation</Publisher>
  <GeneratedFromAXMetadata>false</GeneratedFromAXMetadata>
  <Configuration />
  <CustomName />
  <CustomVersion />
  <CustomDescription />
  <CustomPublisher />
  <ServiceModelGroup>Platform</ServiceModelGroup>
  <ReleaseVersion>Update56</ReleaseVersion>
  <ProductRegisteredName>Microsoft Dynamics 365 for Finance and Operations</ProductRegisteredName>
</ServiceModelInstallationInfo>