<?xml version="1.0" encoding="utf-8"?>
<AxClass xmlns:i="http://www.w3.org/2001/XMLSchema-instance">
	<Name>EmpIdNumSeq</Name>
	<SourceCode>
		<Declaration><![CDATA[
public class EmpIdNumSeq extends NumberSeqApplicationModule
{
}
]]></Declaration>
		<Methods>
			<Method>
				<Name>buildModulesMapSubsciber</Name>
				<Source><![CDATA[
    [SubscribesTo(classstr(NumberSeqGlobal),delegatestr(NumberSeqGlobal,buildModulesMapDelegate))]
    static void buildModulesMapSubsciber(Map numberSeqModuleNamesMap)
    {
        NumberSeqGlobal::addModuleToMap(classnum(EmpIdNumSeq), numberSeqModuleNamesMap);
    }

]]></Source>
			</Method>
			<Method>
				<Name>loadModule</Name>
				<Source><![CDATA[
    protected void loadModule()
    {
        NumberSeqDatatype dataType= NumberSeqDatatype::construct();

        dataType.parmDatatypeId(extendedTypeNum(EmpID));
        dataType.parmReferenceHelp(literalStr("Unique Key for Emp"));
        dataType.parmWizardIsContinuous(false);
        dataType.parmWizardIsManual(NoYes::No);
        dataType.parmWizardfetchAheadQty(10);
        dataType.parmWizardIsChangeDownAllowed(NoYes::No);
        dataType.parmWizardIsChangeUpAllowed(NoYes::No);
        dataType.parmSortField(1);

        dataType.addParameterType(NumberSeqParameterType::DataArea,true,false);
        this.create(dataType);
    }

]]></Source>
			</Method>
			<Method>
				<Name>numberSeqModule</Name>
				<Source><![CDATA[
    public NumberSeqModule numberSeqModule()
    {
        return NumberSeqModule::Cust;
    }

]]></Source>
			</Method>
		</Methods>
	</SourceCode>
</AxClass>