<?xml version="1.0" encoding="utf-8"?>
<AxClass xmlns:i="http://www.w3.org/2001/XMLSchema-instance">
	<Name>SalesOrderHeaderDP</Name>
	<SourceCode>
		<Declaration><![CDATA[
[SRSReportParameterAttribute(classstr(SalesOrderHeaderContract))]
class SalesOrderHeaderDP extends SRSreportDataProviderBase
{
    SalesOrderHeaderTmp salesOrderHeaderTmp;
    SalesOrderLinesTmp salesOrderLinesTmp;
    
}
]]></Declaration>
		<Methods>
			<Method>
				<Name>getSalesOrderHeaderTmp</Name>
				<Source><![CDATA[
    [SRSReportDataSetAttribute(tablestr(SalesOrderHeaderTmp))]
    public SalesOrderHeaderTmp getSalesOrderHeaderTmp()
    {
        select * from salesOrderHeaderTmp;

        return salesOrderHeaderTmp;
    }

]]></Source>
			</Method>
			<Method>
				<Name>getSalesOrderLinesTmp</Name>
				<Source><![CDATA[
    [SRSReportDataSetAttribute(tablestr(SalesOrderLinesTmp))]
    public SalesOrderLinesTmp getSalesOrderLinesTmp()
    {
        select * from salesOrderLinesTmp;

        return salesOrderLinesTmp;
    }

]]></Source>
			</Method>
			<Method>
				<Name>processReport</Name>
				<Source><![CDATA[
    public void processReport()
    {
        SalesTable salesTable;
        SalesLine salesLine;
        SalesId salesId;
        SalesOrderHeaderContract contract;
        InventDim inventDim;
        MCRSalesLine mcrSalesLine;
        InventTransOrigin inventTransOrigin;
        InventTrans inventTrans;
        utcdatetime fromDate;
        utcdatetime toDate;

        contract= this.parmDataContract() as SalesOrderHeaderContract; 
        fromDate = contract.parmFromDate();
        toDate = contract.parmToDate();

        while select salesTable 
            where salesTable.CreatedDateTime >= fromDate
    && salesTable.CreatedDateTime <= toDate
        {
            salesOrderHeaderTmp.SalesId =  salesTable.SalesId;
            salesOrderHeaderTmp.InvoiceAccount = salesTable.InvoiceAccount;
            salesOrderHeaderTmp.CustAccount = salesTable.CustAccount;
            salesOrderHeaderTmp.PostingProfile = salesTable.PostingProfile;
            salesOrderHeaderTmp.TaxGroup = salesTable.TaxGroup;
            salesOrderHeaderTmp.PaymMode = salesTable.PaymMode;
            salesOrderHeaderTmp.VATNum = salesTable.VATNum;
            salesOrderHeaderTmp.CurrencyCode = salesTable.CurrencyCode;
            salesOrderHeaderTmp.ShippingDateRequested = salesTable.ShippingDateRequested;
            salesOrderHeaderTmp.SalesGroup = salesTable.SalesGroup;
            salesOrderHeaderTmp.DlvMode = salesTable.DlvMode;
            salesOrderHeaderTmp.DlvTerm = salesTable.DlvTerm;
            salesOrderHeaderTmp.SalesType = salesTable.SalesType;
            salesOrderHeaderTmp.SalesStatus = salesTable.SalesStatus;
            salesOrderHeaderTmp.Payment = salesTable.Payment;
            salesOrderHeaderTmp.CashDisc = salesTable.CashDisc;
            salesOrderHeaderTmp.DiscPercent = salesTable.DiscPercent;
           
            salesOrderHeaderTmp.insert();

        }

        select LineType from mcrSalesLine
            where mcrSalesLine.SalesLine == salesLine.RecId;

        while select salesLine
               join inventTransOrigin
        where salesLine.InventTransId == inventTransOrigin.InventTransId
            && salesLine.SalesId == salesTable.SalesId
               join inventTrans
        where inventTrans.InventTransOrigin == inventTransOrigin.RecId
               join inventDim
        where inventDim.InventDimId == inventTrans.InventDimId
        {
            salesOrderLinesTmp.InventSiteId = inventDim.InventSiteId;
            salesOrderLinesTmp.SalesId = salesLine.SalesId;
            salesOrderLinesTmp.ItemId = salesLine.ItemId;
            salesOrderLinesTmp.SalesQty = salesLine.SalesQty;
            salesOrderLinesTmp.SalesPrice = salesLine.SalesPrice;
            salesOrderLinesTmp.SalesUnit = salesLine.SalesUnit;
            salesOrderLinesTmp.SalesCategory = salesLine.SalesCategory;
            salesOrderLinesTmp.LineAmount = salesLine.LineAmount;
            salesOrderLinesTmp.DeliveryType = salesLine.DeliveryType;
            salesOrderLinesTmp.Name = salesLine.Name;
            salesOrderLinesTmp.LineDisc = salesLine.LineDisc;
            salesOrderLinesTmp.LinePercent = salesLine.LinePercent;
            salesOrderLinesTmp.SalesStatus = salesLine.SalesStatus;
            salesOrderLinesTmp.LineType = mcrSalesLine.LineType;
            salesOrderLinesTmp.InventLocationId = inventDim.InventLocationId;
            //salesOrderHeaderTmp.insert();
            salesOrderLinesTmp.insert();
        }
        
    }

]]></Source>
			</Method>
		</Methods>
	</SourceCode>
</AxClass>