<?xml version="1.0" encoding="utf-8"?>
<z:anyType xmlns:i="http://www.w3.org/2001/XMLSchema-instance" xmlns=""
	i:type="AxCompilerMetadata" xmlns:z="http://schemas.microsoft.com/2003/10/Serialization/">
	<Extends>NumberSeqApplicationModule</Extends>
	<IsPublic>true</IsPublic>
	<Methods>
		<Method>
			<Name>buildModulesMapSubsciber</Name>
			<IsStatic>true</IsStatic>
			<Visibility>Public</Visibility>
			<Attributes>
				<AxAttribute>
					<Name>SubscribesTo</Name>
					<Parameters>
						<AxAttributeParameter>
							<Type>Intrinsic</Type>
							<TypeValue>classstr</TypeValue>
							<AdditionalData>
								<AxAttributeParameter>
									<TypeValue>NumberSeqGlobal</TypeValue>
									<AdditionalData />
								</AxAttributeParameter>
								<AxAttributeParameter>
									<AdditionalData />
								</AxAttributeParameter>
								<AxAttributeParameter>
									<AdditionalData />
								</AxAttributeParameter>
							</AdditionalData>
						</AxAttributeParameter>
						<AxAttributeParameter>
							<Type>Intrinsic</Type>
							<TypeValue>delegatestr</TypeValue>
							<AdditionalData>
								<AxAttributeParameter>
									<TypeValue>NumberSeqGlobal</TypeValue>
									<AdditionalData />
								</AxAttributeParameter>
								<AxAttributeParameter>
									<TypeValue>buildModulesMapDelegate</TypeValue>
									<AdditionalData />
								</AxAttributeParameter>
								<AxAttributeParameter>
									<AdditionalData />
								</AxAttributeParameter>
							</AdditionalData>
						</AxAttributeParameter>
					</Parameters>
				</AxAttribute>
			</Attributes>
			<Parameters>
				<AxMethodParameter>
					<Tags></Tags>
					<Type>Class</Type>
					<TypeName>Map</TypeName>
					<Name>numberSeqModuleNamesMap</Name>
				</AxMethodParameter>
			</Parameters>
			<ReturnType>
				<Tags></Tags>
				<TypeName></TypeName>
			</ReturnType>
		</Method>
		<Method>
			<Name>loadModule</Name>
			<Visibility>Protected</Visibility>
			<ReturnType>
				<Tags></Tags>
				<TypeName></TypeName>
			</ReturnType>
		</Method>
		<Method>
			<Name>numberSeqModule</Name>
			<Visibility>Public</Visibility>
			<ReturnType>
				<Tags></Tags>
				<Type>Enum</Type>
				<TypeName>NumberSeqModule</TypeName>
			</ReturnType>
		</Method>
	</Methods>
</z:anyType>