<?xml version="1.0" encoding="utf-8"?>
<z:anyType xmlns:i="http://www.w3.org/2001/XMLSchema-instance" xmlns=""
	i:type="AxCompilerMetadata" xmlns:z="http://schemas.microsoft.com/2003/10/Serialization/">
	<IsPublic>true</IsPublic>
	<Methods>
		<Method>
			<Name>main</Name>
			<IsStatic>true</IsStatic>
			<Visibility>Public</Visibility>
			<Parameters>
				<AxMethodParameter>
					<Tags></Tags>
					<Type>Class</Type>
					<TypeName>Args</TypeName>
					<Name>_args</Name>
				</AxMethodParameter>
			</Parameters>
			<ReturnType>
				<Tags></Tags>
				<TypeName></TypeName>
			</ReturnType>
		</Method>
	</Methods>
</z:anyType>