<?xml version="1.0" encoding="utf-8"?>
<z:anyType xmlns:i="http://www.w3.org/2001/XMLSchema-instance" xmlns=""
	i:type="AxCompilerMetadata" xmlns:z="http://schemas.microsoft.com/2003/10/Serialization/">
	<IsPublic>true</IsPublic>
	<Attributes>
		<AxAttribute>
			<Name>DataContractAttribute</Name>
			<Parameters />
		</AxAttribute>
	</Attributes>
	<Members>
		<AxClassMemberVariable>
			<Type>DateTime</Type>
			<TypeName></TypeName>
			<Name>fromDate</Name>
			<Attributes />
		</AxClassMemberVariable>
		<AxClassMemberVariable>
			<Type>DateTime</Type>
			<TypeName></TypeName>
			<Name>toDate</Name>
			<Attributes />
		</AxClassMemberVariable>
	</Members>
	<Methods>
		<Method>
			<Name>parmFromDate</Name>
			<Visibility>Public</Visibility>
			<Attributes>
				<AxAttribute>
					<Name>DataMember</Name>
					<Parameters>
						<AxAttributeParameter>
							<TypeValue>'fromDate'</TypeValue>
							<AdditionalData />
						</AxAttributeParameter>
					</Parameters>
				</AxAttribute>
			</Attributes>
			<Parameters>
				<AxMethodParameter>
					<Type>DateTime</Type>
					<TypeName></TypeName>
					<DefaultValue>fromDate</DefaultValue>
					<Name>_fromDate</Name>
				</AxMethodParameter>
			</Parameters>
			<ReturnType>
				<Type>DateTime</Type>
				<TypeName></TypeName>
			</ReturnType>
		</Method>
		<Method>
			<Name>parmToDate</Name>
			<Visibility>Public</Visibility>
			<Attributes>
				<AxAttribute>
					<Name>DataMember</Name>
					<Parameters>
						<AxAttributeParameter>
							<TypeValue>'toDate'</TypeValue>
							<AdditionalData />
						</AxAttributeParameter>
					</Parameters>
				</AxAttribute>
			</Attributes>
			<Parameters>
				<AxMethodParameter>
					<Type>DateTime</Type>
					<TypeName></TypeName>
					<DefaultValue>toDate</DefaultValue>
					<Name>_toDate</Name>
				</AxMethodParameter>
			</Parameters>
			<ReturnType>
				<Type>DateTime</Type>
				<TypeName></TypeName>
			</ReturnType>
		</Method>
	</Methods>
</z:anyType>