<?xml version="1.0" encoding="utf-8"?>
<z:anyType xmlns:i="http://www.w3.org/2001/XMLSchema-instance" xmlns=""
	i:type="AxCompilerMetadata" xmlns:z="http://schemas.microsoft.com/2003/10/Serialization/">
	<Extends>SRSreportDataProviderBase</Extends>
	<IsPublic>true</IsPublic>
	<Attributes>
		<AxAttribute>
			<Name>SRSReportParameterAttribute</Name>
			<Parameters>
				<AxAttributeParameter>
					<Type>Intrinsic</Type>
					<TypeValue>classstr</TypeValue>
					<AdditionalData>
						<AxAttributeParameter>
							<TypeValue>SalesOrderHeaderContract</TypeValue>
							<AdditionalData />
						</AxAttributeParameter>
						<AxAttributeParameter>
							<AdditionalData />
						</AxAttributeParameter>
						<AxAttributeParameter>
							<AdditionalData />
						</AxAttributeParameter>
					</AdditionalData>
				</AxAttributeParameter>
			</Parameters>
		</AxAttribute>
	</Attributes>
	<Members>
		<AxClassMemberVariable>
			<Tags></Tags>
			<Type>Record</Type>
			<TypeName>SalesOrderHeaderTmp</TypeName>
			<Name>salesOrderHeaderTmp</Name>
			<Attributes />
		</AxClassMemberVariable>
		<AxClassMemberVariable>
			<Tags></Tags>
			<Type>Record</Type>
			<TypeName>SalesOrderLinesTmp</TypeName>
			<Name>salesOrderLinesTmp</Name>
			<Attributes />
		</AxClassMemberVariable>
	</Members>
	<Methods>
		<Method>
			<Name>getSalesOrderHeaderTmp</Name>
			<Visibility>Public</Visibility>
			<Attributes>
				<AxAttribute>
					<Name>SRSReportDataSetAttribute</Name>
					<Parameters>
						<AxAttributeParameter>
							<Type>Intrinsic</Type>
							<TypeValue>tablestr</TypeValue>
							<AdditionalData>
								<AxAttributeParameter>
									<TypeValue>SalesOrderHeaderTmp</TypeValue>
									<AdditionalData />
								</AxAttributeParameter>
								<AxAttributeParameter>
									<AdditionalData />
								</AxAttributeParameter>
								<AxAttributeParameter>
									<AdditionalData />
								</AxAttributeParameter>
							</AdditionalData>
						</AxAttributeParameter>
					</Parameters>
				</AxAttribute>
			</Attributes>
			<ReturnType>
				<Tags></Tags>
				<Type>Record</Type>
				<TypeName>SalesOrderHeaderTmp</TypeName>
			</ReturnType>
		</Method>
		<Method>
			<Name>getSalesOrderLinesTmp</Name>
			<Visibility>Public</Visibility>
			<Attributes>
				<AxAttribute>
					<Name>SRSReportDataSetAttribute</Name>
					<Parameters>
						<AxAttributeParameter>
							<Type>Intrinsic</Type>
							<TypeValue>tablestr</TypeValue>
							<AdditionalData>
								<AxAttributeParameter>
									<TypeValue>SalesOrderLinesTmp</TypeValue>
									<AdditionalData />
								</AxAttributeParameter>
								<AxAttributeParameter>
									<AdditionalData />
								</AxAttributeParameter>
								<AxAttributeParameter>
									<AdditionalData />
								</AxAttributeParameter>
							</AdditionalData>
						</AxAttributeParameter>
					</Parameters>
				</AxAttribute>
			</Attributes>
			<ReturnType>
				<Tags></Tags>
				<Type>Record</Type>
				<TypeName>SalesOrderLinesTmp</TypeName>
			</ReturnType>
		</Method>
		<Method>
			<Name>processReport</Name>
			<Visibility>Public</Visibility>
			<ReturnType>
				<Tags></Tags>
				<TypeName></TypeName>
			</ReturnType>
		</Method>
	</Methods>
</z:anyType>