<?xml version="1.0" encoding="utf-8"?>
<AxFormExtension xmlns:i="http://www.w3.org/2001/XMLSchema-instance" xmlns="Microsoft.Dynamics.AX.Metadata.V6">
	<Name>PurchCreateOrder.USTModel</Name>
	<ControlModifications />
	<Controls />
	<DataSourceModifications />
	<DataSourceReferences />
	<DataSources>
		<AxFormDataSource xmlns="">
			<Name>DataSource1</Name>
			<Fields />
			<ReferencedDataSources />
			<DataSourceLinks />
			<DerivedDataSources />
		</AxFormDataSource>
	</DataSources>
	<Parts />
	<PropertyModifications />
</AxFormExtension>