<?xml version="1.0" encoding="utf-8"?>
<AxMenuExtension xmlns:i="http://www.w3.org/2001/XMLSchema-instance" xmlns="Microsoft.Dynamics.AX.Metadata.V1">
	<Name>AccountsReceivable.UST</Name>
	<Customizations />
	<Elements>
		<AxMenuExtensionElement xmlns="">
			<Parent>InquiriesAndReports</Parent>
			<PositionType>Begin</PositionType>
			<MenuElement xmlns=""
				i:type="AxMenuElementMenuItem">
				<Name>GetAllCompanyAddressesBatchJobMenuItem</Name>
				<MenuItemName>GetAllCompanyAddressesBatchJobMenuItem</MenuItemName>
				<MenuItemType>Action</MenuItemType>
			</MenuElement>
		</AxMenuExtensionElement>
	</Elements>
	<MenuElementModifications />
	<PropertyModifications />
</AxMenuExtension>