<?xml version="1.0" encoding="utf-8"?>
<AxClass xmlns:i="http://www.w3.org/2001/XMLSchema-instance">
	<Name>DemoClass</Name>
	<SourceCode>
		<Declaration><![CDATA[
internal final class DemoClass
{
}
]]></Declaration>
		<Methods>
			<Method>
				<Name>main</Name>
				<Source><![CDATA[
    /// <summary>
    /// Class entry point. The system will call this method when a designated menu 
    /// is selected or when execution starts and this class is set as the startup class.
    /// </summary>
    /// <param name = "_args">The specified arguments.</param>
    public static void main(Args _args)
    {
        DemoClass::createPO("John", "Delhi", "Dat");
    }

]]></Source>
			</Method>
			<Method>
				<Name>createPO</Name>
				<Source><![CDATA[
    public static void createPO(String50 name,String50 city,String50 company)
    {
        CustomerData custData;

        ttsbegin;
        custData.City = city;
        custData.CustName=name;
        custData.Company=company;

        custData.insert();

        ttscommit;
        info('Done.');
    }

]]></Source>
			</Method>
		</Methods>
	</SourceCode>
</AxClass>