<?xml version="1.0" encoding="utf-8"?>
<AxClass xmlns:i="http://www.w3.org/2001/XMLSchema-instance">
	<Name>GetAllCompanyAddressesBatchJob</Name>
	<SourceCode>
		<Declaration><![CDATA[
public class GetAllCompanyAddressesBatchJob extends RunBaseBatch
{
    #define.CurrentVersion(1)

}
]]></Declaration>
		<Methods>
			<Method>
				<Name>run</Name>
				<Source><![CDATA[
    /// <summary>
    /// Pack method for storing the state of the class
    /// </summary>
    /// <returns>Packed data</returns>
    //public container pack()
    //{
    //    return [#CurrentVersion];
    //}

    /// <summary>
    /// Unpack method for restoring the state of the class
    /// </summary>
    /// <param name="_packedClass">Packed data</param>
    /// <returns>Boolean indicating success</returns>
    //public boolean unpack(container _packedClass)
    //{
    //    int version = conPeek(_packedClass, 1);

    //    switch (version)
    //    {
    //        case #CurrentVersion:
    //            break;
    //        default:
    //            return false;
    //    }

    //    return true;
    //}

    /// <summary>
    /// Main execution method for the batch job
    /// </summary>
    public void run()
    {     
        GetAllCompanyAddressesBatchJob::createPO("Will", "DC", "Dat");
    }

]]></Source>
			</Method>
			<Method>
				<Name>createPO</Name>
				<Source><![CDATA[
    public static void createPO(String50 name,String50 city,String50 company)
    {
        CustomerData custData;

        ttsbegin;
        custData.City = city;
        custData.CustName=name;
        custData.Company=company;

        custData.insert();

        ttscommit;
        info('Done.');
    }

]]></Source>
			</Method>
			<Method>
				<Name>description</Name>
				<Source><![CDATA[
    /// <summary>
    /// Description of the batch job
    /// </summary>
    /// <returns>Description string</returns>
    public static ClassDescription description()
    {
        return "Get all company addresses batch job";
    }

]]></Source>
			</Method>
			<Method>
				<Name>canGoBatchJournal</Name>
				<Source><![CDATA[
    /// <summary>
    /// Check whether the job can be run in batch
    /// </summary>
    /// <returns>True</returns>
    public boolean canGoBatchJournal()
    {
        return true;
    }

]]></Source>
			</Method>
		</Methods>
	</SourceCode>
</AxClass>