<?xml version="1.0" encoding="utf-8"?>
<AxTable xmlns:i="http://www.w3.org/2001/XMLSchema-instance">
	<Name>DataTmp</Name>
	<SourceCode>
		<Declaration><![CDATA[
public class DataTmp extends common
{


}
]]></Declaration>
		<Methods>
			<Method>
				<Name>insert</Name>
				<Source><![CDATA[
    /// <summary>
    ///
    /// </summary>
    public void insert()
    {
        super();
        //info("Name "+this.DocumentName);

        
        
    }

]]></Source>
			</Method>
		</Methods>
	</SourceCode>
	<Label>Data Tmp</Label>
	<SubscriberAccessLevel>
		<Read>Allow</Read>
	</SubscriberAccessLevel>
	<AllowRowVersionChangeTracking>Yes</AllowRowVersionChangeTracking>
	<PrimaryIndex>PrimaryIdx</PrimaryIndex>
	<DeleteActions />
	<FieldGroups>
		<AxTableFieldGroup>
			<Name>AutoReport</Name>
			<Fields />
		</AxTableFieldGroup>
		<AxTableFieldGroup>
			<Name>AutoLookup</Name>
			<Fields />
		</AxTableFieldGroup>
		<AxTableFieldGroup>
			<Name>AutoIdentification</Name>
			<AutoPopulate>Yes</AutoPopulate>
			<Fields />
		</AxTableFieldGroup>
		<AxTableFieldGroup>
			<Name>AutoSummary</Name>
			<Fields />
		</AxTableFieldGroup>
		<AxTableFieldGroup>
			<Name>AutoBrowse</Name>
			<Fields />
		</AxTableFieldGroup>
	</FieldGroups>
	<Fields>
		<AxTableField xmlns=""
			i:type="AxTableFieldEnum">
			<Name>NodeType</Name>
			<AllowEdit>No</AllowEdit>
			<AssetClassification>Customer Content</AssetClassification>
			<EnumType>PrintMgmtNodeType</EnumType>
		</AxTableField>
		<AxTableField xmlns=""
			i:type="AxTableFieldEnum">
			<Name>DocumentType</Name>
			<AllowEdit>No</AllowEdit>
			<AssetClassification>Customer Content</AssetClassification>
			<EnumType>PrintMgmtDocumentType</EnumType>
		</AxTableField>
		<AxTableField xmlns=""
			i:type="AxTableFieldInt64">
			<Name>ParentId</Name>
			<AllowEdit>No</AllowEdit>
			<AssetClassification>System Metadata</AssetClassification>
			<ExtendedDataType>RefRecId</ExtendedDataType>
		</AxTableField>
		<AxTableField xmlns=""
			i:type="AxTableFieldContainer">
			<Name>PrintJobSettings</Name>
			<AssetClassification>Customer Content</AssetClassification>
			<ExtendedDataType>PrintJobSettingsPacked</ExtendedDataType>
			<Label>@SYS108935</Label>
			<Visible>No</Visible>
		</AxTableField>
		<AxTableField xmlns=""
			i:type="AxTableFieldInt64">
			<Name>ReferencedRecId</Name>
			<AllowEdit>No</AllowEdit>
			<AssetClassification>System Metadata</AssetClassification>
			<ExtendedDataType>RefRecId</ExtendedDataType>
		</AxTableField>
		<AxTableField xmlns=""
			i:type="AxTableFieldInt">
			<Name>ReferencedTableId</Name>
			<AllowEdit>No</AllowEdit>
			<AssetClassification>Customer Content</AssetClassification>
			<ExtendedDataType>RefTableId</ExtendedDataType>
		</AxTableField>
		<AxTableField xmlns=""
			i:type="AxTableFieldString">
			<Name>PrintSettingDescription</Name>
			<AssetClassification>Customer Content</AssetClassification>
			<ExtendedDataType>Description</ExtendedDataType>
			<Label>@SYS108934</Label>
		</AxTableField>
		<AxTableField xmlns=""
			i:type="AxTableFieldReal">
			<Name>PrintSettingPriorityId</Name>
			<AssetClassification>System Metadata</AssetClassification>
			<ExtendedDataType>PrintMgmtPriorityId</ExtendedDataType>
		</AxTableField>
		<AxTableField xmlns=""
			i:type="AxTableFieldReal">
			<Name>DocumentPriorityId</Name>
			<AssetClassification>System Metadata</AssetClassification>
			<ExtendedDataType>PrintMgmtPriorityId</ExtendedDataType>
		</AxTableField>
		<AxTableField xmlns=""
			i:type="AxTableFieldString">
			<Name>DocumentName</Name>
			<AssetClassification>Customer Content</AssetClassification>
			<ExtendedDataType>PrintMgmtSetupName</ExtendedDataType>
		</AxTableField>
	</Fields>
	<FullTextIndexes />
	<Indexes>
		<AxTableIndex>
			<Name>PrimaryIdx</Name>
			<AlternateKey>Yes</AlternateKey>
			<Fields>
				<AxTableIndexField>
					<DataField>ParentId</DataField>
				</AxTableIndexField>
				<AxTableIndexField>
					<DataField>PrintSettingPriorityId</DataField>
				</AxTableIndexField>
			</Fields>
		</AxTableIndex>
	</Indexes>
	<Mappings />
	<Relations />
	<StateMachines />
</AxTable>