<?xml version="1.0" encoding="utf-8"?>
<AxTable xmlns:i="http://www.w3.org/2001/XMLSchema-instance">
	<Name>TmpDataStaging</Name>
	<SourceCode>
		<Methods />
	</SourceCode>
	<DeveloperDocumentation>@DMF:StagingDeveloperDocumentation</DeveloperDocumentation>
	<Label>Data Tmp</Label>
	<TableGroup>Staging</TableGroup>
	<PrimaryIndex>StagingIdx</PrimaryIndex>
	<ReplacementKey>StagingIdx</ReplacementKey>
	<SaveDataPerCompany>No</SaveDataPerCompany>
	<DeleteActions />
	<FieldGroups>
		<AxTableFieldGroup>
			<Name>AutoReport</Name>
			<IsSystemGenerated>Yes</IsSystemGenerated>
			<Fields />
		</AxTableFieldGroup>
		<AxTableFieldGroup>
			<Name>AutoLookup</Name>
			<IsSystemGenerated>Yes</IsSystemGenerated>
			<Fields />
		</AxTableFieldGroup>
		<AxTableFieldGroup>
			<Name>AutoIdentification</Name>
			<AutoPopulate>Yes</AutoPopulate>
			<IsSystemGenerated>Yes</IsSystemGenerated>
			<Fields />
		</AxTableFieldGroup>
		<AxTableFieldGroup>
			<Name>AutoSummary</Name>
			<IsSystemGenerated>Yes</IsSystemGenerated>
			<Fields />
		</AxTableFieldGroup>
		<AxTableFieldGroup>
			<Name>AutoBrowse</Name>
			<IsSystemGenerated>Yes</IsSystemGenerated>
			<Fields />
		</AxTableFieldGroup>
		<AxTableFieldGroup>
			<Name>ExtensionList</Name>
			<IsSystemGenerated>Yes</IsSystemGenerated>
			<Label>@DMF:StagingExtensionGroup</Label>
			<Fields>
				<AxTableFieldGroupField>
					<DataField>DefinitionGroup</DataField>
				</AxTableFieldGroupField>
				<AxTableFieldGroupField>
					<DataField>IsSelected</DataField>
				</AxTableFieldGroupField>
				<AxTableFieldGroupField>
					<DataField>TransferStatus</DataField>
				</AxTableFieldGroupField>
				<AxTableFieldGroupField>
					<DataField>ExecutionId</DataField>
				</AxTableFieldGroupField>
			</Fields>
		</AxTableFieldGroup>
	</FieldGroups>
	<Fields>
		<AxTableField xmlns=""
			i:type="AxTableFieldString">
			<Name>DestinationEmailTo</Name>
			<AllowEdit>No</AllowEdit>
			<AllowEditOnCreate>No</AllowEditOnCreate>
			<StringSize>-1</StringSize>
		</AxTableField>
		<AxTableField xmlns=""
			i:type="AxTableFieldString">
			<Name>DestinationEmailCc</Name>
			<AllowEdit>No</AllowEdit>
			<AllowEditOnCreate>No</AllowEditOnCreate>
			<StringSize>-1</StringSize>
		</AxTableField>
		<AxTableField xmlns=""
			i:type="AxTableFieldString">
			<Name>DefinitionGroup</Name>
			<AllowEdit>No</AllowEdit>
			<ExtendedDataType>DMFDefinitionGroupName</ExtendedDataType>
			<IsSystemGenerated>Yes</IsSystemGenerated>
			<Mandatory>Yes</Mandatory>
			<StringSize>60</StringSize>
		</AxTableField>
		<AxTableField xmlns=""
			i:type="AxTableFieldString">
			<Name>ExecutionId</Name>
			<AllowEdit>No</AllowEdit>
			<ExtendedDataType>DMFExecutionId</ExtendedDataType>
			<IsSystemGenerated>Yes</IsSystemGenerated>
			<Mandatory>Yes</Mandatory>
			<StringSize>90</StringSize>
		</AxTableField>
		<AxTableField xmlns=""
			i:type="AxTableFieldEnum">
			<Name>IsSelected</Name>
			<ExtendedDataType>DMFIsSelected</ExtendedDataType>
			<IsSystemGenerated>Yes</IsSystemGenerated>
			<EnumType>NoYes</EnumType>
		</AxTableField>
		<AxTableField xmlns=""
			i:type="AxTableFieldEnum">
			<Name>TransferStatus</Name>
			<IsSystemGenerated>Yes</IsSystemGenerated>
			<EnumType>DMFTransferStatus</EnumType>
		</AxTableField>
		<AxTableField xmlns=""
			i:type="AxTableFieldString">
			<Name>DataArea</Name>
			<AllowEdit>No</AllowEdit>
			<AllowEditOnCreate>No</AllowEditOnCreate>
			<ExtendedDataType>DataAreaId</ExtendedDataType>
			<IsSystemGenerated>Yes</IsSystemGenerated>
			<StringSize>4</StringSize>
		</AxTableField>
		<AxTableField xmlns=""
			i:type="AxTableFieldInt64">
			<Name>ParentId</Name>
			<AllowEdit>No</AllowEdit>
			<ExtendedDataType>RefRecId</ExtendedDataType>
			<IsSystemGenerated>Yes</IsSystemGenerated>
		</AxTableField>
		<AxTableField xmlns=""
			i:type="AxTableFieldContainer">
			<Name>PrintJobSettings</Name>
			<ExtendedDataType>PrintJobSettingsPacked</ExtendedDataType>
			<IsSystemGenerated>Yes</IsSystemGenerated>
			<Label>@SYS108935</Label>
		</AxTableField>
		<AxTableField xmlns=""
			i:type="AxTableFieldEnum">
			<Name>NodeType</Name>
			<AllowEdit>No</AllowEdit>
			<IsSystemGenerated>Yes</IsSystemGenerated>
			<EnumType>PrintMgmtNodeType</EnumType>
		</AxTableField>
		<AxTableField xmlns=""
			i:type="AxTableFieldEnum">
			<Name>DocumentType</Name>
			<AllowEdit>No</AllowEdit>
			<IsSystemGenerated>Yes</IsSystemGenerated>
			<EnumType>PrintMgmtDocumentType</EnumType>
		</AxTableField>
		<AxTableField xmlns=""
			i:type="AxTableFieldString">
			<Name>PrintSettingDescription</Name>
			<ExtendedDataType>Description</ExtendedDataType>
			<IsSystemGenerated>Yes</IsSystemGenerated>
			<Label>@SYS108934</Label>
		</AxTableField>
		<AxTableField xmlns=""
			i:type="AxTableFieldInt">
			<Name>ReferencedTableId</Name>
			<AllowEdit>No</AllowEdit>
			<ExtendedDataType>RefTableId</ExtendedDataType>
			<IsSystemGenerated>Yes</IsSystemGenerated>
		</AxTableField>
		<AxTableField xmlns=""
			i:type="AxTableFieldInt64">
			<Name>ReferencedRecId</Name>
			<AllowEdit>No</AllowEdit>
			<ExtendedDataType>RefRecId</ExtendedDataType>
			<IsSystemGenerated>Yes</IsSystemGenerated>
		</AxTableField>
		<AxTableField xmlns=""
			i:type="AxTableFieldString">
			<Name>DocumentName</Name>
			<ExtendedDataType>PrintMgmtSetupName</ExtendedDataType>
			<IsSystemGenerated>Yes</IsSystemGenerated>
		</AxTableField>
		<AxTableField xmlns=""
			i:type="AxTableFieldReal">
			<Name>DocumentPriorityId</Name>
			<ExtendedDataType>PrintMgmtPriorityId</ExtendedDataType>
			<IsSystemGenerated>Yes</IsSystemGenerated>
		</AxTableField>
		<AxTableField xmlns=""
			i:type="AxTableFieldReal">
			<Name>PrintSettingPriorityId</Name>
			<ExtendedDataType>PrintMgmtPriorityId</ExtendedDataType>
			<IsSystemGenerated>Yes</IsSystemGenerated>
		</AxTableField>
	</Fields>
	<FullTextIndexes />
	<Indexes>
		<AxTableIndex>
			<Name>StagingIdx</Name>
			<AlternateKey>Yes</AlternateKey>
			<IsSystemGenerated>Yes</IsSystemGenerated>
			<Fields>
				<AxTableIndexField>
					<DataField>DefinitionGroup</DataField>
				</AxTableIndexField>
				<AxTableIndexField>
					<DataField>ExecutionId</DataField>
				</AxTableIndexField>
				<AxTableIndexField>
					<DataField>NodeType</DataField>
				</AxTableIndexField>
				<AxTableIndexField>
					<DataField>DocumentType</DataField>
				</AxTableIndexField>
			</Fields>
		</AxTableIndex>
	</Indexes>
	<Mappings />
	<Relations>
		<AxTableRelation xmlns=""
			i:type="AxTableRelationForeignKey">
			<Name>DataEntity</Name>
			<Cardinality>ExactlyOne</Cardinality>
			<EntityRelationshipRole>@DMF:StagingToDataEntityRelationshipRole</EntityRelationshipRole>
			<IsSystemGenerated>Yes</IsSystemGenerated>
			<RelatedTable>TmpDataEntity</RelatedTable>
			<RelatedTableCardinality>ZeroOne</RelatedTableCardinality>
			<RelationshipType>Link</RelationshipType>
			<Validate>No</Validate>
			<Constraints>
				<AxTableRelationConstraint xmlns=""
					i:type="AxTableRelationConstraintField">
					<Name>NodeType</Name>
					<Field>NodeType</Field>
					<RelatedField>NodeType</RelatedField>
				</AxTableRelationConstraint>
				<AxTableRelationConstraint xmlns=""
					i:type="AxTableRelationConstraintField">
					<Name>DocumentType</Name>
					<Field>DocumentType</Field>
					<RelatedField>DocumentType</RelatedField>
				</AxTableRelationConstraint>
			</Constraints>
		</AxTableRelation>
	</Relations>
	<StateMachines />
</AxTable>