<?xml version="1.0" encoding="utf-8"?>
<Diagnostics
  GenerationTime="2024-06-19T12:55:26.8596874+00:00">
  <Items>
    <Diagnostic>
      <DiagnosticType>Compile</DiagnosticType>
      <Severity>Error</Severity>
      <Path>dynamics://Class/RunnableClassDemo/Method/main</Path>
      <ElementType>Class Method</ElementType>
      <Moniker>MissingMacroKind</Moniker>
      <Line>27</Line>
      <Column>48</Column>
      <EndLine>27</EndLine>
      <EndColumn>49</EndColumn>
      <Message>Expected a macro directive.</Message>
    </Diagnostic>
  </Items>
  <Aliases />
</Diagnostics>