<?xml version="1.0" encoding="utf-8"?>
<z:anyType xmlns:i="http://www.w3.org/2001/XMLSchema-instance" xmlns=""
	i:type="AxCompilerMetadata" xmlns:z="http://schemas.microsoft.com/2003/10/Serialization/">
	<Extends>RunBaseBatch</Extends>
	<IsPublic>true</IsPublic>
	<Methods>
		<Method>
			<Name>run</Name>
			<Visibility>Public</Visibility>
			<ReturnType>
				<Tags></Tags>
				<TypeName></TypeName>
			</ReturnType>
		</Method>
		<Method>
			<Name>createPO</Name>
			<IsStatic>true</IsStatic>
			<Visibility>Public</Visibility>
			<Parameters>
				<AxMethodParameter>
					<Tags></Tags>
					<Type>ExtendedDataType</Type>
					<TypeName>String50</TypeName>
					<Name>name</Name>
				</AxMethodParameter>
				<AxMethodParameter>
					<Tags></Tags>
					<Type>ExtendedDataType</Type>
					<TypeName>String50</TypeName>
					<Name>city</Name>
				</AxMethodParameter>
				<AxMethodParameter>
					<Tags></Tags>
					<Type>ExtendedDataType</Type>
					<TypeName>String50</TypeName>
					<Name>company</Name>
				</AxMethodParameter>
			</Parameters>
			<ReturnType>
				<Tags></Tags>
				<TypeName></TypeName>
			</ReturnType>
		</Method>
		<Method>
			<Name>description</Name>
			<IsStatic>true</IsStatic>
			<Visibility>Public</Visibility>
			<ReturnType>
				<Tags></Tags>
				<Type>ExtendedDataType</Type>
				<TypeName>ClassDescription</TypeName>
			</ReturnType>
		</Method>
		<Method>
			<Name>canGoBatchJournal</Name>
			<Visibility>Public</Visibility>
			<ReturnType>
				<Tags></Tags>
				<Type>Enum</Type>
				<TypeName>boolean</TypeName>
			</ReturnType>
		</Method>
	</Methods>
</z:anyType>