<?xml version="1.0" encoding="utf-8"?>
<AxDataEntityViewExtension xmlns:i="http://www.w3.org/2001/XMLSchema-instance">
	<Name>PurchPurchaseOrderHeaderV2Entity.UST</Name>
	<DataSources>
		<AxQueryExtensionEmbeddedDataSource>
			<Parent>PurchTable</Parent>
			<DataSource>
				<Name>DocuRefEntity</Name>
				<DynamicFields>Yes</DynamicFields>
				<Table>DocuRefEntity</Table>
				<DataSources />
				<DerivedDataSources />
				<Fields />
				<Ranges />
				<Relations>
					<AxQuerySimpleDataSourceRelation>
						<Name>QueryDataSourceRelation1</Name>
						<Field>TableId</Field>
						<JoinDataSource>PurchTable</JoinDataSource>
						<RelatedField>RefTableId</RelatedField>
					</AxQuerySimpleDataSourceRelation>
					<AxQuerySimpleDataSourceRelation>
						<Name>QueryDataSourceRelation2</Name>
						<Field>RecId</Field>
						<JoinDataSource>PurchTable</JoinDataSource>
						<RelatedField>RefRecId</RelatedField>
					</AxQuerySimpleDataSourceRelation>
					<AxQuerySimpleDataSourceRelation>
						<Name>QueryDataSourceRelation3</Name>
						<Field>DataAreaId</Field>
						<JoinDataSource>PurchTable</JoinDataSource>
						<RelatedField>RefCompanyId</RelatedField>
					</AxQuerySimpleDataSourceRelation>
				</Relations>
			</DataSource>
		</AxQueryExtensionEmbeddedDataSource>
	</DataSources>
	<FieldGroupExtensions />
	<FieldGroups />
	<FieldModifications />
	<Fields>
		<AxDataEntityViewField xmlns=""
			i:type="AxDataEntityViewMappedField">
			<Name>DocumentId</Name>
			<AllowEdit>Yes</AllowEdit>
			<AllowEditOnCreate>Yes</AllowEditOnCreate>
			<DataField>DocumentId</DataField>
			<DataSource>DocuRefEntity</DataSource>
		</AxDataEntityViewField>
		<AxDataEntityViewField xmlns=""
			i:type="AxDataEntityViewMappedField">
			<Name>AttachmentDescription</Name>
			<AllowEdit>Yes</AllowEdit>
			<AllowEditOnCreate>Yes</AllowEditOnCreate>
			<DataField>Name</DataField>
			<DataSource>DocuRefEntity</DataSource>
		</AxDataEntityViewField>
		<AxDataEntityViewField xmlns=""
			i:type="AxDataEntityViewMappedField">
			<Name>DocumentTypeAttachmentCode</Name>
			<AllowEdit>Yes</AllowEdit>
			<AllowEditOnCreate>Yes</AllowEditOnCreate>
			<Mandatory>No</Mandatory>
			<DataField>TypeId</DataField>
			<DataSource>DocuRefEntity</DataSource>
		</AxDataEntityViewField>
		<AxDataEntityViewField xmlns=""
			i:type="AxDataEntityViewMappedField">
			<Name>FileName</Name>
			<AllowEdit>Yes</AllowEdit>
			<AllowEditOnCreate>Yes</AllowEditOnCreate>
			<DataField>FileName</DataField>
			<DataSource>DocuRefEntity</DataSource>
		</AxDataEntityViewField>
		<AxDataEntityViewField xmlns=""
			i:type="AxDataEntityViewMappedField">
			<Name>FileType</Name>
			<AllowEdit>Yes</AllowEdit>
			<AllowEditOnCreate>Yes</AllowEditOnCreate>
			<DataField>FileType</DataField>
			<DataSource>DocuRefEntity</DataSource>
		</AxDataEntityViewField>
		<AxDataEntityViewField xmlns=""
			i:type="AxDataEntityViewMappedField">
			<Name>Attachment</Name>
			<AllowEdit>Yes</AllowEdit>
			<AllowEditOnCreate>Yes</AllowEditOnCreate>
			<Mandatory>No</Mandatory>
			<DataField>FileContents</DataField>
			<DataSource>DocuRefEntity</DataSource>
		</AxDataEntityViewField>
		<AxDataEntityViewField xmlns=""
			i:type="AxDataEntityViewMappedField">
			<Name>TypeId</Name>
			<DataField>TypeId</DataField>
			<DataSource>DocuRefEntity</DataSource>
		</AxDataEntityViewField>
	</Fields>
	<Mappings />
	<PropertyModifications />
	<Relations>
		<AxDataEntityViewRelation>
			<Name>PurchaseOrderHeaderDocumentAttachmentEntity</Name>
			<Cardinality>ZeroMore</Cardinality>
			<RelatedDataEntity>PurchaseOrderHeaderDocumentAttachmentEntity</RelatedDataEntity>
			<RelatedDataEntityCardinality>ExactlyOne</RelatedDataEntityCardinality>
			<RelatedDataEntityRole>PurchPurchaseOrderHeaderV2Entity</RelatedDataEntityRole>
			<RelationshipType>Composition</RelationshipType>
			<Role>PurchPurchaseOrderHeaderV2Entity</Role>
			<Constraints>
				<AxDataEntityViewRelationConstraint xmlns=""
					i:type="AxDataEntityViewRelationConstraintField">
					<Name>RelationConstraintField1</Name>
					<Field>PurchaseOrderNumber</Field>
					<RelatedField>PurchaseOrderNumber</RelatedField>
				</AxDataEntityViewRelationConstraint>
			</Constraints>
		</AxDataEntityViewRelation>
	</Relations>
</AxDataEntityViewExtension>